817,Geometry,0
818,Surface analysis,0
819,Define projection,0
820,Geometry,0
821,Raster data management,0
822,Vector data management,0
823,Data clipping,0
824,Data clipping,0
825,Data clipping,0
826,Data clipping,0
827,Reclassification,0
828,Surface analysis,0
829,Raster to vector,0
830,Format conversion,0
831,Vector overlay analysis,0
832,Database management,0
833,Raster data management,0
834,Interpolation analysis,0
835,Raster data management,0
836,Format conversion,0
837,Raster data management,0
838,Interpolation analysis,0
839,Interpolation analysis,0
840,Spatial interpolation,0
841,Spatial interpolation,0
842,Interpolation analysis,0
843,Interpolation analysis,0
844,Surface analysis,0
845,Data export,0
846,Data export,0
847,Raster overlay analysis,0
848,Reclassification,0
849,Geometry,0
850,Vector data management,0
851,Proximity analysis,0
852,Raster data management,0
853,Image fusion,0
854,Format conversion,0
855,Proximity analysis,0
856,Vector overlay analysis,0
857,Distance analysis,0
858,Raster calculation,0
859,Vector to raster,0
860,Vector to raster,0
861,Raster data editing,0
862,Color & Multispectral enhancement,0
863,Raster data management,0
864,Format conversion,0
865,Surface analysis,0
866,Raster data editing,0
867,Surface analysis,0
868,Raster data management,0
869,Surface analysis,0
870,Format conversion,0
871,Surface analysis,0
872,Visibility analysis,0
873,Projection transforms,0
874,Band arithmetic,0
875,Atmospheric correction,0
876,Atmospheric correction,0
877,Raster calculation,0
878,Principal component analysis (PCA),0
879,Unsupervised classification,0
880,Color & Multispectral enhancement,0
881,Raster calculation,0
882,Band arithmetic,0
883,Raster calculation,0
884,Solar Radiation,0
885,Band arithmetic,0
886,Band arithmetic,0
887,Raster calculation,0
888,Raster calculation,0
889,Raster calculation,0
890,Cell statistics,0
891,Frequency Domain filters,0
892,Supervised classification,0
893,Supervised classification,0
894,Raster data management,0
895,Band arithmetic,0
896,Frequency Domain filters,0
897,Raster data management,0
898,Data import,0
899,Feature / Object extraction,0
900,Radiometric correction,0
901,Supervised classification,0
902,Band arithmetic,0
903,Band arithmetic,0
904,Image fusion,0
905,Principal component analysis (PCA),0
906,Band arithmetic,0
907,Image segmentation,0
908,Supervised classification,0
909,Band arithmetic,0
910,3D Raster calculation,0
911,Atmospheric correction,0
912,Band arithmetic,0
913,Edge detection filters,0
914,Geometry,0
915,Representation management,0
916,Hydrological analysis,0
917,Raster calculation,0
918,Color & Multispectral enhancement,0
919,Distance analysis,0
920,Distance analysis,0
921,3D Raster calculation,0
922,Reclassification,0
923,Data export,0
924,Distance analysis,0
925,Reclassification,0
926,Correlation and association,0
927,Representation management,0
928,Representation management,0
929,Representation management,0
930,Band arithmetic,0
931,Raster to vector,0
932,Distance analysis,0
933,Correlation and association,0
934,Raster overlay analysis,0
935,Statistical analysis,1
936,Distance analysis,0
937,Hydrological analysis,0
938,Hydrological analysis,0
939,Spatial interpolation,0
940,Interpolation analysis,0
941,Hydrological analysis,0
942,Surface analysis,0
943,Distance analysis,0
944,Distance analysis,0
945,Hydrological analysis,0
946,Color & Multispectral enhancement,0
947,Visibility analysis,0
948,Visibility analysis,0
949,Data import,0
950,3D Interpolation,0
951,Raster data management,0
952,Correlation and association,0
953,Surface analysis,0
954,Raster calculation,0
955,Raster shape analysis,0
956,Neighborhood statistics,0
957,Raster shape analysis,0
958,Neighborhood statistics,0
959,Neighborhood statistics,0
960,Neighborhood statistics,0
961,Neighborhood statistics,0
962,Neighborhood statistics,0
963,Neighborhood statistics,0
964,Raster shape analysis,0
965,Zonal statistics,0
966,Zonal statistics,0
967,Raster shape analysis,0
968,Raster shape analysis,0
969,Neighborhood statistics,0
970,Raster shape analysis,0
971,Density analysis,0
972,Neighborhood statistics,0
973,Raster shape analysis,0
974,Raster shape analysis,0
975,Neighborhood statistics,0
976,Zonal statistics,0
977,Neighborhood statistics,0
978,Cluster and pattern analysis,0
979,Neighborhood statistics,0
980,Neighborhood statistics,0
981,Statistical analysis,1
982,Neighborhood statistics,0
983,Raster shape analysis,0
984,Raster shape analysis,0
985,Neighborhood statistics,0
986,Neighborhood statistics,0
987,Raster calculation,0
988,Data clipping,0
989,Vector to raster,0
990,Neighborhood statistics,0
991,Zonal statistics,0
992,Neighborhood statistics,0
993,Raster data management,0
994,Data export,0
995,Data export,0
996,Format conversion,0
997,Data driven mapping,0
998,Data export,0
999,3D Raster calculation,0
1000,Format conversion,0
1001,Format conversion,0
1002,Format conversion,0
1003,Format conversion,0
1004,Format conversion,0
1005,Surface analysis,0
1006,Raster overlay analysis,0
1007,Hydrological analysis,0
1008,Hydrological analysis,0
1009,Surface analysis,0
1010,Data extraction,0
1011,Projection transforms,0
1012,3D Reclassification,0
1013,Reclassification,0
1014,Cell statistics,0
1015,Simulation analysis,0
1016,Spatial / Stratified sampling,0
1017,Neighborhood statistics,0
1018,Reclassification,0
1019,Reclassification,0
1020,Reclassification,0
1021,Correlation and association,0
1022,Correlation and association,0
1023,Surface analysis,0
1024,Surface analysis,0
1025,Statistical analysis,1
1026,Interpolation analysis,0
1027,Neighborhood statistics,0
1028,3D Interpolation,0
1029,Interpolation analysis,0
1030,Zonal statistics,0
1031,Raster data editing,0
1032,Raster calculation,0
1033,Reclassification,0
1034,Band arithmetic,1
1035,Raster calculation,0
1036,Cell statistics,0
1037,Interpolation analysis,0
1038,Cell statistics,0
1039,Surface analysis,0
1040,Hydrological analysis,0
1041,Hydrological analysis,0
1042,Surface analysis,0
1043,Hydrological analysis,0
1044,Distance analysis,0
1045,Proximity analysis,0
1046,Zonal statistics,0
1047,Zonal statistics,0
1048,Cell statistics,0
1049,Zonal statistics,0
1050,Zonal statistics,0
1051,Hydrological analysis,0
1052,Solar Radiation,0
1053,Solar Radiation,0
1054,Solar Radiation,0
1055,Visibility analysis,0
1056,3D Surface analysis,0
1057,Surface analysis,0
1058,3D Interpolation,0
1059,3D Raster calculation,0
1060,Simulation analysis,0
1061,Interpolation analysis,0
1062,Raster calculation,0
1063,Surface analysis,0
1064,Raster shape analysis,0
1065,Raster shape analysis,0
1066,Raster data management,0
1067,Raster data management,0
1068,Raster to vector,0
1069,Surface analysis,0
1070,Hydrological analysis,0
1071,Surface analysis,0
1072,Data extraction,0
1073,Zonal statistics,0
1074,Raster calculation,0
1075,Raster calculation,0
1076,Visibility analysis,0
1077,3D Raster calculation,0
1078,Distance analysis,0
1079,Distance analysis,0
1080,Distance analysis,0
1081,Hydrological analysis,0
1082,Hydrological analysis,0
1083,Data extraction,0
1084,Data extraction,0
1085,Raster spatial analysis and calculation,1
1086,Proximity analysis,0
1087,Topology editing,0
1088,Topology editing,0
1089,Vector data attribute editing,0
1090,Topology editing,0
1091,Cluster and pattern analysis,0
1092,Data extraction,0
1093,Vector data management,0
1094,Geometry,0
1095,Vector overlay analysis,0
1096,Proximity analysis,0
1097,3D Raster calculation,0
1098,Topology editing,0
1099,Vector data management,0
1100,3D collection,0
1101,Vector shape analysis,0
1102,Vector shape analysis,0
1103,Data import,0
1104,Data import,0
1105,Data import,0
1106,Data import,0
1107,Vector data management,0
1108,Data import,0
1109,Data import,0
1110,Data import,0
1111,Vector data management,0
1112,Spatial / Stratified sampling,0
1113,Density analysis,0
1114,Density analysis,0
1115,Vector data attribute editing,0
1116,Edge detection filters,0
1117,Feature / Object extraction,0
1118,Vector data management,0
1119,Neighborhood statistics,0
1120,Path analysis,0
1121,Path analysis,0
1122,Network analys,1
1123,Positioning and configuration analysis,0
1124,Positioning and configuration analysis,0
1125,Positioning and configuration analysis,0
1126,Path analysis,0
1127,Path analysis,0
1128,Path analysis,0
1129,Network building,0
1130,Network building,0
1131,Path analysis,0
1132,Network building,0
1133,Path analysis,0
1134,Network building,0
1135,Network building,0
1136,Path analysis,0
1137,Visibility analysis,0
1138,Spatial statistical analysis,1
1139,Data export,0
1140,Data export,0
1141,Data export,0
1142,Format conversion,0
1143,Data export,0
1144,Format conversion,0
1145,Data editing,1
1146,Vector overlay analysis,0
1147,Data export,0
1148,Geometry,0
1149,Vector overlay analysis,0
1150,Vector data management,0
1151,Projection transforms,0
1152,Cluster and pattern analysis,0
1153,Vector spatial analysis,1
1154,Zonal statistics,0
1155,Vector data attribute editing,0
1156,Projection transforms,0
1157,Vector shape analysis,0
1158,Data extraction,0
1159,Vector spatial analysis,1
1160,Vector overlay analysis,0
1161,Geometry,0
1162,Interpolation analysis,0
1163,Interpolation analysis,0
1164,Interpolation analysis,0
1165,Interpolation analysis,0
1166,Vector to raster,0
1167,Structural transformation,1
1168,Geometry,0
1169,Vector to raster,0
1170,Projection transforms,0
1171,Vector data management,0
1172,Statistics analysis,0
1173,Vector overlay analysis,0
1174,Geometry,0
1175,Geometry,0
1176,Vector data attribute editing,0
1177,Vector data attribute editing,0
1178,Vector data management,0
1179,Vector data attribute editing,0
1180,Vector data attribute editing,0
1181,Vector data attribute editing,0
1182,Geometry,0
1183,Raster data management,0
1184,Vector data graph editing,0
1185,Geometry,0
1186,Geometry,0
1187,Vector data management,0
1188,Surface analysis,0
1189,Define projection,0
1190,Data export,0
1191,Data export,0
1192,Data export,0
1193,Geocoding,0
1194,Vector data management,0
1195,Geometry,0
1196,Geometry,0
1197,Geometry,0
1198,Proximity analysis,0
1199,Vector overlay analysis,0
1200,Data driven mapping,0
1201,Statistical analysis,1
1202,Statistical analysis,1
1203,Statistical analysis,1
1204,Cell statistics,0
1205,Geometry,0
1206,Data clipping,0
1207,Vector data management,0
1208,Data management,1
1209,General management,0
1210,Format conversion,0
1211,Vector data management,0
1212,Vector data management,0
1213,Vector shape analysis,0
1214,Vector overlay analysis,0
1215,Index management,0
1216,Raster calculation,0
1217,Workspace organization,0
1218,Geometry,0
1219,Data import,0
1220,Raster calculation,0
1221,Raster calculation,0
1222,Raster calculation,0
1223,Raster calculation,0
1224,Raster calculation,0
1225,Raster spatial analysis and calculation,1
1226,Raster calculation,0
1227,Raster calculation,0
1228,Index management,0
1229,Cluster and pattern analysis,0
1230,Vector data management,0
1231,Vector data management,0
1232,Generalization,0
1233,Geometry,0
1234,Geometry,0
1235,Change and feature extraction,1
1236,Vector overlay analysis,0
1237,Vector overlay analysis,0
1238,Data import,0
1239,Vector data management,0
1240,Vector data management,0
1241,Data export,0
1242,Raster calculation,0
1243,Vector data management,0
1244,Vector data management,0
1245,Data export,0
1246,Vector data management,0
1247,Data export,0
1248,Data export,0
1249,Data export,0
1250,Data export,0
1251,Geometry,0
1252,Data processing,1
1253,Data export,0
1254,Data extraction,0
1255,Data extraction,0
1256,Data clipping,0
1257,Vector overlay analysis,0
1258,Visual expression,1
1259,Vector data attribute editing,0
1260,Generalization,0
1261,Vector data management,0
1262,Proximity analysis,0
1263,Vector data attribute editing,0
1264,Vector data attribute editing,0
1265,Data import,0
1266,Raster data editing,0
1267,Vector data management,0
1268,Vector data management,0
1269,Data management,1
1270,Vector data graph editing,0
1271,Vector data graph editing,0
1272,Topology editing,0
1273,Vector data management,0
1274,Topology editing,0
1275,Reclassification,0
1276,Reclassification,0
1277,Reclassification,0
1278,Reclassification,0
1279,Reclassification,0
1280,Reclassification,0
1281,Data extraction,0
1282,Geometry,0
1283,Statistical analysis,1
1284,Raster calculation,0
1285,Surface analysis,0
1286,Vector overlay analysis,0
1287,Data export,0
1288,Data import,0
1289,Proximity analysis,0
1290,Vector overlay analysis,0
1291,Vector overlay analysis,0
1292,Vector data management,0
1293,Proximity analysis,0
1294,Cluster and pattern analysis,0
1295,Data management,1
1296,Neighborhood statistics,0
1297,Density analysis,0
1298,Vector overlay analysis,0
1299,Geometry,0
1300,Data import,0
1301,Raster calculation,0
1302,Central tendency analysis,0
1303,Vector data management,0
1304,Vector data management,0
1305,Data export,0
1306,Data extraction,0
1307,Data export,0
1308,3D Raster calculation,0
1309,Vector shape analysis,0
1310,Vector overlay analysis,0
1311,Vector overlay analysis,0
1312,Vector data management,0
1313,Proximity analysis,0
1314,Vector overlay analysis,0
1315,Cluster and pattern analysis,0
1316,Geometry,0
1317,Vector data management,0
1318,Vector shape analysis,0
1319,Geometry,0
1320,Data export,0
1321,Vector data management,0
1322,Structural transformation,1
1323,Vector shape analysis,0
1324,Proximity analysis,0
1325,Vector data management,0
1326,Vector data management,0
1327,Proximity analysis,0
1328,Data extraction,0
1329,Vector to raster,0
1330,Vector to raster,0
1331,Database management,0
1332,Data Management and Organization,1
1333,Data export,0
1334,Data export,0
1335,Proximity analysis,0
1336,Vector data management,0
1337,General management,0
1338,General management,0
1339,General management,0
1340,Data extraction,0
1341,Vector data graph editing,0
1342,Proximity analysis,0
1343,Proximity analysis,0
1344,Raster calculation,0
1345,Format conversion,0
1346,Raster data management,0
1347,Cell statistics,0
1348,Reclassification,0
1349,Zonal statistics,0
1350,Raster calculation,0
1351,Data extraction,0
1352,Surface analysis,0
1353,Reclassification,0
1354,Reclassification,0
1355,Vector shape analysis,0
1356,Vector data attribute editing,0
1357,Vector data management,0
1358,Vector data graph editing,0
1359,Vector data management,0
1360,General management,0
1361,Vector data attribute editing,0
1362,Data editing,1
1363,Projection transforms,0
1364,Raster calculation,0
1365,Vector data management,0
1366,Vector data graph editing,0
1367,Geometry,0
1368,Vector shape analysis,0
1369,Raster calculation,0
1370,Surface analysis,0
1371,Data export,0
1372,Data export,0
1373,Data extraction,0
1374,Geometry,0
1375,Geometry,0
1376,Vector overlay analysis,0
1377,Vector overlay analysis,0
1378,Network analys,1
1379,Network analys,1
1380,Vector data management,0
1381,Representation management,0
1382,3D Raster calculation,0
1383,Vector data attribute editing,0
1384,Workspace organization,0
1385,3D Raster calculation,0
1386,3D data management,0
1387,Proximity analysis,0
1388,Path analysis,0
1389,Path analysis,0
1390,Path analysis,0
1391,Data import,0
1392,Geometry,0
1393,Geometry,0
1394,Surface analysis,0
1395,Geometry,0
1396,Topology editing,0
1397,Vector data management,0
1398,Database management,0
1399,Database management,0
1400,Vector data management,0
1401,Geometry,0
1402,Vector data management,0
1403,Vector data management,0
1404,Cluster and pattern analysis,0
1405,Data editing,1
1406,Metadata editing,0
1407,Geometry,0
1408,Proximity analysis,0
1409,Geometry,0
1410,Vector overlay analysis,0
1411,Proximity analysis,0
1412,3D Interpolation,0
1413,Proximity analysis,0
1414,Annotation & Labeling,0
1415,Geometry,0
1416,Vector data management,0
1417,Vector overlay analysis,0
1418,Data import,0
1419,Proximity analysis,0
1420,Data export,0
1421,Data export,0
1422,Zonal statistics,0
1423,Zonal statistics,0
1424,Zonal statistics,0
1425,Raster data management,0
1426,Band arithmetic,0
1427,Band arithmetic,0
1428,Image filtering / edge detection,1
1429,3D image analysis,0
1430,Image fusion,0
1431,Reclassification,0
1432,Reclassification,0
1433,Raster calculation,0
1434,Statistics analysis,0
1435,Cell statistics,0
1436,Band arithmetic,0
1437,Statistics analysis,0
1438,Format conversion,0
1439,Vector data management,0
1440,Segmentation and detection,1
1441,Gray-level & Contrast enhancement,0
1442,Projection transforms,0
1443,Projection transforms,0
1444,Smoothing / Denoising filters,0
1445,Principal component analysis (PCA),0
1446,3D Interpolation,0
1447,Image fusion,0
1448,Format conversion,0
1449,Edge detection filters,0
1450,Hyperspectral image analysis,0
1451,Data clipping,0
1452,Smoothing / Denoising filters,0
1453,Geometric correction,0
1454,Image fusion,0
1455,3D data management,0
1456,Image segmentation,0
1457,Smoothing / Denoising filters,0
1458,Geometric correction,0
1459,Neighborhood statistics,0
1460,Feature / Object extraction,0
1461,Statistical analysis,1
1462,Hyperspectral image analysis,0
1463,Supervised classification,0
1464,Principal component analysis (PCA),0
1465,Raster to vector,0
1466,Spatial relationship modeling,0
1467,Interpolation analysis,0
1468,Unsupervised classification,0
1469,Image segmentation,0
1470,Feature / Object extraction,0
1471,Hyperspectral image analysis,0
1472,Neighborhood statistics,0
1473,Image segmentation,0
1474,Image segmentation,0
1475,Raster to vector,0
1476,Raster data management,0
1477,Smoothing / Denoising filters,0
1478,Image segmentation,0
1479,Directional / Oriented filters,0
1480,Multispectral image analysis,0
1481,Image fusion,0
1482,Spatial / Stratified sampling,0
1483,Multiscale and Multi-resolution enhancement,0
1484,Smoothing / Denoising filters,0
1485,Smoothing / Denoising filters,0
1486,Change detection,0
1487,Zonal statistics,0
1488,Projection,1
1489,Statistics analysis,0
1490,Atmospheric correction,0
1491,Orthorectification,0
1492,Image fusion,0
1493,Texture analysis,0
1494,Data extraction,0
1495,Zonal statistics,0
1496,Data clipping,0
1497,Band arithmetic,0
1498,Vector to raster,0
1499,Raster data management,0
1500,Geometric correction,0
1501,Raster calculation,0
1502,Geometric correction,0
1503,Spatial / Stratified sampling,0
1504,Data extraction,0
1505,Spatial / Stratified sampling,0
1506,Data extraction,0
1507,Radiometric correction,0
1508,Geometric correction,0
1509,Noise removal,0
1510,Advanced image analysis,1
1511,Band arithmetic,0
1512,Band arithmetic,0
1513,Image segmentation,0
1514,Texture analysis,0
1515,Image segmentation,0
1516,Smoothing / Denoising filters,0
1517,Unsupervised classification,0
1518,Supervised classification,0
1519,Band and image operations,1
1520,3D image analysis,0
1521,Geometric correction,0
1522,Projection transforms,0
1523,Raster calculation,0
1524,Image fusion,0
1525,Band and image operations,1
1526,Supervised classification,0
1527,Supervised classification,0
1528,Image classification,1
1529,Statistics analysis,0
1530,Statistics analysis,0
1531,Statistics analysis,0
1532,Data extraction,0
1533,Projection transforms,0
1534,Vector data attribute editing,0
1535,Geometry,0
1536,Statistics analysis,0
1537,Spatial relationship modeling,0
1538,Hyperspectral image analysis,0
1539,Zonal statistics,0
1540,Vector data attribute editing,0
1541,Graph,0
1542,Statistics analysis,0
1543,Statistics analysis,0
1544,Topology editing,0
1545,Statistics analysis,0
1546,Geometry,0
1547,Structural transformation,1
1548,Define projection,0
1549,Geometry,0
1550,Proximity analysis,0
1551,Proximity analysis,0
1552,Proximity analysis,0
1553,Topology editing,0
1554,Database management,0
1555,Vector shape analysis,0
1556,Projection,1
1557,Raster to vector,0
1558,Density analysis,0
1559,Zonal statistics,0
1560,Spatial interpolation,0
1561,Format conversion,0
1562,Vector overlay analysis,0
1563,Geometry,0
1564,Geometry,0
1565,Geometry,0
1566,Data extraction,0
1567,Statistics analysis,0
1568,Geometry,0
1569,Cartographic refinement,0
1570,Graph,0
1571,Database management,0
1572,Spatial / Stratified sampling,0
1573,Geometry,0
1574,Spatial / Stratified sampling,0
1575,Spatial / Stratified sampling,0
1576,Spatial / Stratified sampling,0
1577,Spatial / Stratified sampling,0
1578,Raster calculation,0
1579,Statistical analysis,1
1580,Geometry,0
1581,Spatial / Stratified sampling,0
1582,Surface analysis,0
1583,Graph,0
1584,Vector data attribute editing,0
1585,Data extraction,0
1586,Representation management,0
1587,Representation management,0
1588,Statistics analysis,0
1589,Vector data attribute editing,0
1590,Data export,0
1591,Data export,0
1592,Interpolation analysis,0
1593,Vector data attribute editing,0
1594,Geometry,0
1595,Statistics analysis,0
1596,Graph,0
1597,Proximity analysis,0
1598,Data processing,1
1599,Simulation analysis,0
1600,Raster calculation,0
1601,3D Surface analysis,0
1602,Distance analysis,0
1603,Hydrological analysis,0
1604,GIS elements management,0
1605,Data extraction,0
1606,Data extraction,0
1607,Cluster and pattern analysis,0
1608,Neighborhood statistics,0
1609,Raster calculation,0
1610,Spatial relationship modeling,0
1611,Surface analysis,0
1612,Raster calculation,0
1613,Spatial interpolation,0
1614,Solar Radiation,0
1615,Feature / Object extraction,0
1616,Neighborhood statistics,0
1617,Neighborhood statistics,0
1618,Statistical analysis,1
1619,Neighborhood statistics,0
1620,Neighborhood statistics,0
1621,Surface analysis,0
1622,Smoothing / Denoising filters,0
1623,Cell statistics,0
1624,Surface analysis,0
1625,Interpolation analysis,0
1626,Surface analysis,0
1627,Raster overlay analysis,0
1628,Hydrological analysis,0
1629,Raster data management,0
1630,Raster data editing,0
1631,Raster data management,0
1632,Projection transforms,0
1633,Raster data editing,0
1634,Hydrological analysis,0
1635,Hydrological analysis,0
1636,Surface analysis,0
1637,Reclassification,0
1638,Data clipping,0
1639,Data clipping,0
1640,Data clipping,0
1641,Raster data editing,0
1642,3D Interpolation,0
1643,Raster data editing,0
1644,Raster data editing,0
1645,Feature / Object extraction,0
1646,3D Raster calculation,0
1647,3D Raster calculation,0
1648,Sharpening filters,0
1649,Image fusion,0
1650,Reclassification,0
1651,Raster spatial analysis and calculation,1
1652,Reclassification,0
1653,Reclassification,0
1654,Raster shape analysis,0
1655,Raster calculation,0
1656,3D Interpolation,0
1657,Vector to raster,0
1658,Surface analysis,0
1659,Surface analysis,0
1660,Vector to raster,0
1661,Vector to raster,0
1662,Vector data management,0
1663,Vector to raster,0
1664,Vector to raster,0
1665,Structural transformation,1
1666,Data import,0
1667,Vector data management,0
1668,Geometry,0
1669,Raster calculation,0
1670,Projection transforms,0
1671,Projection transforms,0
1672,Define projection,0
1673,Projection transforms,0
1674,Projection transforms,0
1675,Projection transforms,0
1676,Vector data management,0
1677,Data clipping,0
1678,Raster data management,0
1679,Vector data management,0
1680,Vector spatial analysis,1
1681,Zonal statistics,0
1682,Distance analysis,0
1683,Data driven mapping,0
1684,Vector to raster,0
1685,Spatial / Stratified sampling,0
1686,Data management,1
1687,Data management,1
1688,Vector data management,0
1689,Data management,1
1690,Format conversion,0
1691,Data clipping,0
1692,Raster overlay analysis,0
1693,Surface analysis,0
1694,Interpolation analysis,0
1695,Surface analysis,0
1696,Solar Radiation,0
1697,Raster calculation,0
1698,Image classification,1
1699,Define projection,0
1700,Vector data attribute editing,0
1701,Smoothing / Denoising filters,0
1702,Smoothing / Denoising filters,0
1703,Vector overlay analysis,0
1704,Hydrological analysis,0
1705,Surface analysis,0
1706,Surface analysis,0
1707,Orthorectification,0
1708,Neighborhood statistics,0
1709,Neighborhood statistics,0
1710,Neighborhood statistics,0
1711,Surface analysis,0
1712,Neighborhood statistics,0
1713,Surface analysis,0
1714,Surface analysis,0
1715,3D Interpolation,0
1716,Hydrological analysis,0
1717,Surface analysis,0
1718,Band arithmetic,0
1719,Raster spatial analysis and calculation,1
1720,Raster calculation,0
1721,Data export,0
1722,Data export,0
1723,Data export,0
1724,Data export,0
1725,Data export,0
1726,Data export,0
1727,Data export,0
1728,Data export,0
1729,Data export,0
1730,Data export,0
1731,Data export,0
1732,Data export,0
1733,Data export,0
1734,Format conversion,0
1735,Data export,0
1736,Data export,0
1737,Data export,0
1738,Data export,0
1739,Data export,0
1740,Data export,0
1741,Raster spatial analysis and calculation,1
1742,Geometry,0
1743,Vector to raster,0
1744,Surface analysis,0
1745,Surface analysis,0
1746,Surface analysis,0
1747,Surface analysis,0
1748,Raster data editing,0
1749,Raster spatial analysis and calculation,1
1750,Surface analysis,0
1751,Vector data management,0
1752,Hydrological analysis,0
1753,Hydrological analysis,0
1754,Hydrological analysis,0
1755,Surface analysis,0
1756,Hydrological analysis,0
1757,Hydrological analysis,0
1758,Hydrological analysis,0
1759,Surface analysis,0
1760,Surface analysis,0
1761,Vector shape analysis,0
1762,Principal component analysis (PCA),0
1763,Neighborhood statistics,0
1764,3D Raster calculation,0
1765,Raster calculation,0
1766,Raster calculation,0
1767,Raster calculation,0
1768,Statistical analysis,1
1769,Raster calculation,0
1770,Reclassification,0
1771,Raster calculation,0
1772,Surface analysis,0
1773,Raster calculation,0
1774,Smoothing / Denoising filters,0
1775,Format conversion,0
1776,Data import,0
1777,Geocoding,0
1778,Raster shape analysis,0
1779,Raster calculation,0
1780,Proximity analysis,0
1781,Distance analysis,0
1782,Raster calculation,0
1783,Surface analysis,0
1784,Projection transforms,0
1785,Geometry,0
1786,Data import,0
1787,Spatial autocorrelation analysis,0
1788,Format conversion,0
1789,Format conversion,0
1790,Surface analysis,0
1791,3D Surface analysis,0
1792,Vector shape analysis,0
1793,Vector shape analysis,0
1794,Surface analysis,0
1795,3D Surface analysis,0
1796,Raster calculation,0
1797,Spatial relationship modeling,0
1798,Spatial relationship modeling,0
1799,Spatial relationship modeling,0
1800,Spatial relationship modeling,0
1801,Gray-level & Contrast enhancement,0
1802,Cell statistics,0
1803,Surface analysis,0
1804,Vector overlay analysis,0
1805,Image enhancement,1
1806,Tracking analysis,0
1807,Data import,0
1808,Data import,0
1809,Data import,0
1810,Data import,0
1811,Data import,0
1812,Data import,0
1813,Data import,0
1814,Data import,0
1815,Data clipping,0
1816,Data import,0
1817,Data import,0
1818,Data import,0
1819,Data import,0
1820,Data import,0
1821,Data import,0
1822,Data import,0
1823,Data import,0
1824,Data import,0
1825,Data import,0
1826,Data import,0
1827,Data import,0
1828,Data import,0
1829,Data import,0
1830,Data import,0
1831,Vector overlay analysis,0
1832,Interpolation analysis,0
1833,Principal component analysis (PCA),0
1834,Raster data editing,0
1835,Reclassification,0
1836,Vector data management,0
1837,Hydrological analysis,0
1838,Unsupervised classification,0
1839,Density analysis,0
1840,Cluster and pattern analysis,0
1841,3D Surface analysis,0
1842,Reclassification,0
1843,Hydrological analysis,0
1844,Data import,0
1845,Raster calculation,0
1846,Raster calculation,0
1847,Vector spatial analysis,1
1848,Sharpening filters,0
1849,Interpolation analysis,0
1850,Interpolation analysis,0
1851,Geometry,0
1852,Cartography,1
1853,Raster calculation,0
1854,Path analysis,0
1855,Vector overlay analysis,0
1856,Vector overlay analysis,0
1857,Vector shape analysis,0
1858,Generalization,0
1859,Vector data graph editing,0
1860,Object-Oriented classification,0
1861,Neighborhood statistics,0
1862,Neighborhood statistics,0
1863,Neighborhood statistics,0
1864,Surface analysis,0
1865,Surface analysis,0
1866,Surface analysis,0
1867,Neighborhood statistics,0
1868,Surface analysis,0
1869,Supervised classification,0
1870,Correlation and association,0
1871,Hydrological analysis,0
1872,Surface analysis,0
1873,Vector data management,0
1874,Data management,1
1875,Neighborhood statistics,0
1876,3D Raster calculation,0
1877,Format conversion,0
1878,Proximity analysis,0
1879,Raster data editing,0
1880,Hydrological analysis,0
1881,Interpolation analysis,0
1882,Solar Radiation,0
1883,Neighborhood statistics,0
1884,Surface analysis,0
1885,Surface analysis,0
1886,Raster data management,0
1887,Neighborhood statistics,0
1888,Anisotropic filters,0
1889,Interpolation analysis,0
1890,Interpolation analysis,0
1891,Interpolation analysis,0
1892,Spatial relationship modeling,0
1893,Spatial relationship modeling,0
1894,Spatial relationship modeling,0
1895,Spatial relationship modeling,0
1896,Surface analysis,0
1897,Surface analysis,0
1898,Interpolation analysis,0
1899,Interpolation analysis,0
1900,Image filtering / edge detection,1
1901,Object-Oriented classification,0
1902,Spatial interpolation,0
1903,Hydrological analysis,0
1904,Distance analysis,0
1905,Hydrological analysis,0
1906,Raster data editing,0
1907,Neighborhood statistics,0
1908,Raster calculation,0
1909,Raster calculation,0
1910,Statistics analysis,0
1911,Proximity analysis,0
1912,Vector data management,0
1913,Proximity analysis,0
1914,Proximity analysis,0
1915,Geometry,0
1916,Vector to raster,0
1917,Vector shape analysis,0
1918,Data clipping,0
1919,Generalization,0
1920,Vector overlay analysis,0
1921,Vector data management,0
1922,Vector data management,0
1923,Vector shape analysis,0
1924,Vector data management,0
1925,Vector to raster,0
1926,Interpolation analysis,0
1927,Vector data management,0
1928,Solar Radiation,0
1929,Band and image operations,1
1930,Image fusion,0
1931,Surface analysis,0
1932,Surface analysis,0
1933,Distance analysis,0
1934,Structural transformation,1
1935,Hydrological analysis,0
1936,Neighborhood statistics,0
1937,Raster calculation,0
1938,3D Surface analysis,0
1939,Image filtering / edge detection,1
1940,Neighborhood statistics,0
1941,Neighborhood statistics,0
1942,Geometry,0
1943,Raster calculation,0
1944,Raster spatial analysis and calculation,1
1945,Reclassification,0
1946,Zonal statistics,0
1947,Raster calculation,0
1948,Raster calculation,0
1949,Raster calculation,0
1950,Data clipping,0
1951,Reclassification,0
1952,Distance analysis,0
1953,Reclassification,0
1954,Raster shape analysis,0
1955,Raster calculation,0
1956,Raster calculation,0
1957,Neighborhood statistics,0
1958,Neighborhood statistics,0
1959,Zonal statistics,0
1960,Vector to raster,0
1961,Vector to raster,0
1962,Vector to raster,0
1963,Data extraction,0
1964,Surface analysis,0
1965,Surface analysis,0
1966,Spatial relationship modeling,0
1967,Spatial interpolation,0
1968,Surface analysis,0
1969,Surface analysis,0
1970,Vector data management,0
1971,Vector data management,0
1972,Statistical analysis,1
1973,3D data management,0
1974,Neighborhood statistics,0
1975,Data processing,1
1976,Raster calculation,0
1977,Hydrological analysis,0
1978,Hydrological analysis,0
1979,Raster calculation,0
1980,Surface analysis,0
1981,3D Raster calculation,0
1982,Statistical analysis,1
1983,Object-Oriented classification,0
1984,Data processing,1
1985,Vector data attribute editing,0
1986,Vector data attribute editing,0
1987,Vector spatial analysis,1
1988,Vector data management,0
1989,Raster data management,0
1990,Vector spatial analysis,1
1991,Define projection,0
1992,Raster spatial analysis and calculation,1
1993,Neighborhood statistics,0
1994,Vector data management,0
1995,Raster data editing,0
1996,Raster data editing,0
1997,Reclassification,0
1998,Raster data editing,0
1999,Raster data editing,0
2000,Smoothing / Denoising filters,0
2001,Spatial interpolation,0
2002,Neighborhood statistics,0
2003,Simulation analysis,0
2004,Projection transforms,0
2005,Surface analysis,0
2006,Surface analysis,0
2007,Visibility analysis,0
2008,Surface analysis,0
2009,Surface analysis,0
2010,Hydrological analysis,0
2011,Vector data graph editing,0
2012,Vector data graph editing,0
2013,Vector data attribute editing,0
2014,Vector data graph editing,0
2015,Raster spatial analysis and calculation,1
2016,Raster calculation,0
2017,Cluster and pattern analysis,0
2018,Data clipping,0
2019,Vector data management,0
2020,Vector spatial analysis,1
2021,Vector data graph editing,0
2022,Vector data graph editing,0
2023,Band and image operations,1
2024,Vector data attribute editing,0
2025,Neighborhood statistics,0
2026,Surface analysis,0
2027,Surface analysis,0
2028,Hydrological analysis,0
2029,Surface analysis,0
2030,Surface analysis,0
2031,Image segmentation,0
2032,Supervised classification,0
2033,Surface analysis,0
2034,Surface analysis,0
2035,Surface analysis,0
2036,Deep learning-based classification,0
2037,Vector overlay analysis,0
2038,Band arithmetic,0
2039,Surface analysis,0
2040,3D Interpolation,0
2041,Cluster and pattern analysis,0
2042,Surface analysis,0
2043,Surface analysis,0
2044,Surface analysis,0
2045,Surface analysis,0
2046,Texture analysis,0
2047,Surface analysis,0
2048,Vector overlay analysis,0
2049,Interpolation analysis,0
2050,Interpolation analysis,0
2051,Data clipping,0
2052,Raster data management,0
2053,Projection,1
2054,Surface analysis,0
2055,Hydrological analysis,0
2056,Atmospheric correction,0
2057,Image preprocessing,1
2058,Surface analysis,0
2059,Neighborhood statistics,0
2060,Surface analysis,0
2061,Surface analysis,0
2062,Surface analysis,0
2063,Vector spatial analysis,1
2064,Geometry,0
2065,Raster data management,0
2066,Distance analysis,0
2067,Raster spatial analysis and calculation,1
2068,Statistical analysis,1
2069,Statistics analysis,0
2070,Interpolation analysis,0
2071,Vector overlay analysis,0
2072,Statistical analysis,1
2073,Statistical analysis,1
2074,Spatial interpolation,0
2075,Vector data management,0
2076,Surface analysis,0
2077,Surface analysis,0
2078,Surface analysis,0
2079,Projection transforms,0
2080,Projection transforms,0
2081,Projection transforms,0
2082,Surface analysis,0
2083,Surface analysis,0
2084,Spatial / Stratified sampling,0
2085,Spatial interpolation,0
2086,Spatial interpolation,0
2087,Vector to raster,0
2088,Surface analysis,0
2089,Band arithmetic,0
2090,Band arithmetic,0
2091,3D Interpolation,0
2092,Visibility analysis,0
2093,Projection transforms,0
2094,Hydrological analysis,0
2095,Hydrological analysis,0
2096,Hydrological analysis,0
2097,Raster calculation,0
2098,3D Surface analysis,0
2099,Surface analysis,0
2100,Remote Sensing Image Processing,1
2101,Surface analysis,0
2102,Surface analysis,0
2103,Surface analysis,0
2104,Edge detection filters,0
2105,Edge detection filters,0
2106,Geometric correction,0
2107,Statistical analysis,1
2108,Zonal statistics,0
